,url,gpxfile,lat,lon,metersup,metersdown,std
MBNA Chester Marathon,,mbna.gpx,53.0,-3.0,342.49999999999915,-339.9999999999998,7.428185648125885
Milton Keynes Marathon,,Milton_Keynes_Marathon_.gpx,52.0,-1.0,423.60000000000923,-422.7000000000106,13.22753210832225
Thames Meander Marathon,,Thames_Meander_Marathon.gpx,51.0,-0.0,470.59999999999724,-462.1999999999973,2.098746008921299
Bournemouth Marathon Festival Marathon,,Bournemouth_Marathon_chip_time_2_41_54_.gpx,51.0,-2.0,564.4000000000018,-589.2000000000029,11.961215793653412
Rock 'n' Roll Liverpool Marathon,,Liverpool_Marathon_didn_t_fancy_it_so_had_some_fun_pacing_the_3_hour_lot.gpx,53.0,-3.0,516.599999999998,-508.7999999999963,16.088205798206697
Plusnet Yorkshire Marathon,,Yorkshire_marathon_.gpx,54.0,-1.0,261.19999999999874,-264.89999999999867,6.684905512961724
Halstead & Essex Marathon,,Halstead_and_Essex_Marathon_2015.gpx,52.0,1.0,530.5999999999956,-516.1999999999939,9.20067949507149
Brooks Snowdonia Marathon,,Snowdonia_marathon.gpx,53.0,-4.0,842.4000000000026,-845.2000000000011,93.97837977826254
Snowdonia Marathon,,Snowdonia_marathon.gpx,53.0,-4.0,842.4000000000026,-845.2000000000011,93.97837977826254
Abingdon Marathon,,Abingdon_Marathon_new_pb_.gpx,52.0,-1.0,170.09999999999928,-170.19999999999916,4.57826104171671
Edinburgh Marathon Festival Marathon,,Edinburgh_Marathon_.gpx,56.0,-3.0,522.8000000000133,-567.9000000000204,10.004211937428753
Chelmsford Marathon,,Chelmsford_Marathon_a_touch_windy_but_finished_like_a_train_and_snatched_a_PB_by_1_second_.gpx,52.0,0.0,305.30000000000035,-309.7000000000032,17.659545425601337
Wales Marathon,,The_Wales_Marathon.gpx,52.0,-5.0,663.0000000000009,-653.0000000000001,29.58863734539948
Leicester Marathon,,Leicester_Marathon_2015.gpx,53.0,-1.0,310.69999999999976,-310.69999999999936,9.069417561149937
Richmond Park Marathon,,Richmond_park_marathon_2_34_18_1st_overall_course_record.gpx,51.0,-0.0,475.5000000000006,-470.50000000000125,15.189196152553723
Kent Roadrunner Marathon,,Kent_Road_Runner_Marathon_2016_was_a_brilliant_day_at_the_races_horsing_around.gpx,51.0,0.0,497.80000000000024,-496.9000000000003,5.754518107354697
Brathay Windermere Marathon,,Brathay_Windermere_Marathon.gpx,54.0,-3.0,781.4000000000049,-774.800000000002,22.49500866283606
Dorchester Marathon,,Dorchester_Marathon_.gpx,51.0,-2.0,589.1999999999966,-582.3999999999971,17.32780062521757
Deep RiverRock Belfast City Marathon,,Belfast_Marathon_big_ole_PB.gpx,55.0,-6.0,663.800000000001,-655.400000000001,24.57414779128593
Dorset Invader Marathon,,Dorset_Invader_Marathon.gpx,51.0,-2.0,737.0000000000032,-742.0000000000024,22.59810673203637
Snowdonia Marathon Eryri,,Marathon_Eryri_at_least_half_running_by_myself_.gpx,53.0,-4.0,838.3000000000017,-853.1000000000009,89.84042656142529
Scott Snowdonia Trail Marathon,,Snowdonia_Trail.gpx,53.0,-4.0,1816.6799999999985,-1817.0899999999976,226.01393620106168
North Dorset Village Marathon,,North_Dorset_Village_Marathon_Joint_1st_with_Chris_from_Wimborne_AC_Pacing_duties_apart_from_miles_12_16_where_I_had_to_catch_up_after_queuing_for_a_portaloo_.gpx,51.0,-2.0,437.7999999999969,-431.39999999999753,10.107357778834826
Bovington Marathon,,Bovington_Marathon.gpx,51.0,-2.0,567.5000000000043,-567.3000000000031,18.217534511496652
Phoenix Year End Marathon,,Thames_path_marathon_cold_muddy_icy_lots_of_people_walking_dogs_but_5th_place_so_can_t_complain.gpx,51.0,-0.0,126.19999999999938,-126.19999999999965,1.4353374214455308
Steyning Stinger Marathon,,Steyning_Stinger_Marathon_Mudbath_396th_Marathon_.gpx,51.0,-0.0,1559.0,-1555.0,53.7600937429066
Larmer Marathon,,Larmer_Tree_Marathon_2016.gpx,51.0,-2.0,1016.2000000000005,-1013.1999999999998,48.73614040798742
